,,,THE INDEX OF CONSUMER SENTIMENT,,,,,,,,,,,
,,,,,,,,,,,,,,
,,,,,,,,,,,,,,
DATE OF SURVEY,,,,INDEX OF CONSUMER SENTIMENT,,,,,,,,,,
,,,,,,,,,,,,,,
June,2021,,,85.5,,,,,,,,,,
July,2021,,,81.2,,,,,,,,,,
August,2021,,,70.3,,,,,,,,,,
September,2021,,,72.8,,,,,,,,,,
October,2021,,,71.7,,,,,,,,,,
November,2021,,,67.4,,,,,,,,,,
December,2021,,,70.6,,,,,,,,,,
January,2022,,,67.2,,,,,,,,,,
February,2022,,,62.8,,,,,,,,,,
March,2022,,,59.4,,,,,,,,,,
April,2022,,,65.2,,,,,,,,,,
May,2022,,,58.4,,,,,,,,,,
June,2022,,,50.0,,,,,,,,,,
,,,,,,,,,,,,,,
